"genus","species","newmartin2019_dispersal_martin2019_dispersal","newsesync_flightpotential_sesync_dispersal"
"abax","carinatus",NA,NA
"abax","ovalis","ground",NA
"abax","parallelepipedus","ground",NA
"abax","parallelus",NA,NA
"acalymma","vittatum",NA,"2"
"acanthocinus","aedilis",NA,NA
"acanthocinus","griseus",NA,NA
"acmaeops","marginata",NA,NA
"acmaeops","septentrionis",NA,NA
"acmaeops","smaragdula",NA,NA
"acropyga","exsanguis",NA,NA
"acrotona","aterrima","flight",NA
"acrotona","obfuscata","flight",NA
"acrotona","parvula","flight",NA
"acupalpus","brunnipes",NA,NA
"acupalpus","dubius","flight",NA
"acupalpus","elegans","flight",NA
"acupalpus","exiguus",NA,NA
"acupalpus","flavicollis","flight",NA
"acupalpus","interstitialis",NA,NA
"acupalpus","luteatus","flight",NA
"acupalpus","maculatus","flight",NA
"acupalpus","meridianus","flight",NA
"acupalpus","parvulus","flight",NA
"acyrthosiphon","pisum","flight/wind","1"
"adalia","bipunctata","flight",NA
"adalia","decempunctata","flight",NA
"adelomyrmex","laevigatus",NA,NA
"adelomyrmex","sp.",NA,NA
"adelphocoris","lineolatus","flight",NA
"adelphocoris","quadripunctatus","flight",NA
"adelphocoris","seticornis","flight",NA
"adelphocoris","ticinensis",NA,NA
"aegomorphus","clavipes",NA,NA
"agapanthia","villosoviridescens",NA,NA
"agonum","afrum","ground",NA
"agonum","dolens",NA,NA
"agonum","duftschmidi","ground",NA
"agonum","ericeti",NA,NA
"agonum","fuliginosum",NA,NA
"agonum","gracile",NA,NA
"agonum","gracilipes",NA,NA
"agonum","hypocrita",NA,NA
"agonum","impressum",NA,NA
"agonum","longicorne",NA,NA
"agonum","lugens","flight",NA
"agonum","marginatum",NA,NA
"agonum","micans","flight",NA
"agonum","monachum",NA,NA
"agonum","muelleri","flight",NA
"agonum","munsteri",NA,NA
"agonum","nigrum","flight",NA
"agonum","pelidnum",NA,NA
"agonum","permoestum","flight",NA
"agonum","piceum",NA,NA
"agonum","scitulum",NA,NA
"agonum","sexpunctatum","flight",NA
"agonum","versutum",NA,NA
"agonum","viduum","flight",NA
"agonum","viridicupreum","flight",NA
"agyneta","","wind",NA
"agyneta","affinis","wind",NA
"agyneta","decora","wind",NA
"agyneta","fuscipalpa","wind",NA
"agyneta","mollis","wind",NA
"agyneta","rurestris","wind",NA
"agyneta","saxatilis","wind",NA
"agyneta","simplicitarsis","wind",NA
"aleochara","","flight",NA
"aleochara","bilineata","flight",NA
"aleochara","bipustulata","flight",NA
"aleochara","brevipennis","flight",NA
"aleochara","curtula","flight",NA
"aleochara","laevigata","flight",NA
"aleochara","lygaea",NA,NA
"aleochara","ruficornis","flight",NA
"aleochara","sparsa","flight",NA
"aleochara","tristis",NA,NA
"allodynerus","rossii","flight",NA
"alloxysta","victrix","flight/wind",NA
"aloconota","gregaria","flight",NA
"alopecosa","accentuata","ground",NA
"alopecosa","aculeata","ground",NA
"alopecosa","albofasciata","ground",NA
"alopecosa","cuneata","ground",NA
"alopecosa","fabrilis","ground",NA
"alopecosa","pulverulenta","ground",NA
"alopecosa","simoni","ground",NA
"alopecosa","trabalis","ground",NA
"alosterna","tabacicolor",NA,NA
"amara","","ground",NA
"amara","aenea","flight",NA
"amara","anthobia","flight",NA
"amara","apricaria","flight",NA
"amara","arenaria",NA,NA
"amara","aulica","flight",NA
"amara","bifrons","flight",NA
"amara","brunnea",NA,NA
"amara","chaudoiri",NA,NA
"amara","communis","flight",NA
"amara","concinna",NA,NA
"amara","consularis",NA,NA
"amara","convexior","flight",NA
"amara","convexiuscula",NA,NA
"amara","crenata",NA,NA
"amara","cursitans",NA,NA
"amara","curta","flight",NA
"amara","equestris","flight",NA
"amara","erratica",NA,NA
"amara","eurynota","flight",NA
"amara","famelica","flight",NA
"amara","familiaris","flight",NA
"amara","fulva","flight",NA
"amara","fulvipes",NA,NA
"amara","fusca",NA,NA
"amara","gebleri",NA,NA
"amara","infima",NA,NA
"amara","ingenua","flight",NA
"amara","kulti","flight",NA
"amara","littorea",NA,NA
"amara","lucida",NA,NA
"amara","lunicollis","flight",NA
"amara","majuscula","flight",NA
"amara","messae",NA,NA
"amara","montivaga","flight",NA
"amara","municipalis",NA,NA
"amara","nigricornis",NA,NA
"amara","nitida",NA,NA
"amara","ovata","flight",NA
"amara","plebeja","flight",NA
"amara","praetermissa",NA,NA
"amara","proxima",NA,NA
"amara","pulpani",NA,NA
"amara","quenseli",NA,NA
"amara","sabulosa",NA,NA
"amara","schimperi",NA,NA
"amara","similata","flight",NA
"amara","spreta","flight",NA
"amara","strandi",NA,NA
"amara","strenua",NA,NA
"amara","tibialis","flight",NA
"amara","tricuspidata","flight",NA
"amblystomus","niger","flight",NA
"amischa","analis","flight",NA
"amischa","bifoveolata","flight",NA
"amischa","decipiens","flight",NA
"amischa","forcipata","flight",NA
"amischa","nigrofusca","flight",NA
"anaesthetis","testacea",NA,NA
"anaglyptus","mysticus",NA,NA
"anastrangalia","reyi",NA,NA
"anastrangalia","sanguinolenta",NA,NA
"anchomenus","cyaneus",NA,NA
"anchomenus","dorsalis","flight",NA
"ancistrocerus","","flight",NA
"ancistrocerus","antilope","flight",NA
"ancistrocerus","claripennis","flight",NA
"ancistrocerus","gazella","flight",NA
"ancistrocerus","nigricornis","flight",NA
"ancistrocerus","oviventris","flight",NA
"ancistrocerus","parietinus","flight",NA
"ancistrocerus","parietum","flight",NA
"ancistrocerus","trifasciatus","flight",NA
"anisodactylus","binotatus","flight",NA
"anisodactylus","nemorivagus","flight",NA
"anisodactylus","poeciloides",NA,NA
"anisodactylus","signatus","flight",NA
"anochetus","90",NA,NA
"anochetus","altisquamis",NA,NA
"anochetus","armstrongi",NA,NA
"anochetus","cato",NA,NA
"anochetus","diegensis",NA,NA
"anochetus","myops",NA,NA
"anochetus","paripungens",NA,NA
"anochetus","rectangularis",NA,NA
"anochetus","risii",NA,NA
"anoplodera","sexguttata",NA,NA
"anotylus","affinis",NA,NA
"anotylus","complanatus","flight",NA
"anotylus","insecatus","flight",NA
"anotylus","inustus","flight",NA
"anotylus","rugosus","flight",NA
"anotylus","sculpturatus","flight",NA
"anotylus","tetracarinatus","flight",NA
"anthobium","atrocephalum","flight",NA
"anthobium","unicolor","flight",NA
"anthonomus","rectirostris",NA,NA
"anthonomus","rubi",NA,NA
"antistea","elegans","ground",NA
"aphididae","","flight/wind",NA
"aphidius","","flight/wind",NA
"aphidius","avenae","flight/wind",NA
"aphidius","ervi","flight/wind",NA
"aphidius","rhopalosiphi","flight/wind",NA
"aphidius","uzbekistanicus","flight/wind",NA
"aphidoidea","","flight/wind","1"
"aphidoletes","aphidimyza","flight/wind",NA
"aphis","craccivora","flight/wind","1"
"aphis","glycines",NA,"1"
"aphodius","contaminatus",NA,NA
"aphodius","corvinus",NA,NA
"aphodius","distinctus",NA,NA
"aphodius","erraticus",NA,NA
"aphodius","fimetarius",NA,NA
"aphodius","granarius",NA,NA
"aphodius","haemorrhoidalis",NA,NA
"aphodius","prodromus",NA,NA
"aphodius","pusillus",NA,NA
"aphodius","sphacelatus",NA,NA
"aphodius","tasmaniae",NA,"3"
"apostenus","fuscus","ground",NA
"apterostigma","pilosum",NA,NA
"apterostigma","sp.01",NA,NA
"apterostigma","sp.1",NA,NA
"apterostigma","sp.2",NA,NA
"apterostigma","sp.3",NA,NA
"araeoncus","humilis","wind",NA
"araneae","",NA,NA
"araneae","sp.","ground",NA
"araneus","diadematus","wind",NA
"araneus","marmoreus",NA,NA
"araneus","quadratus","wind",NA
"araneus","sturmi",NA,NA
"araneus","triguttatus",NA,NA
"araniella","alpica",NA,NA
"araniella","cucurbitina",NA,NA
"araniella","opisthographa","wind",NA
"arctosa","leopardus","ground",NA
"arctosa","perita","ground",NA
"argenna","subnigra","ground",NA
"arhopalus","rusticus",NA,NA
"arhopalus","tristis",NA,NA
"aromia","moschata",NA,NA
"asaphes","suspensus","flight/wind",NA
"asaphidion","austriacum",NA,NA
"asaphidion","caraboides",NA,NA
"asaphidion","curtum",NA,NA
"asaphidion","flavipes","flight",NA
"asaphidion","pallipes",NA,NA
"asaphidion","stierlini","flight",NA
"asemum","striatum",NA,NA
"asemum","tenuicorne",NA,NA
"asthenargus","paganus","wind",NA
"atheta","aegra","flight",NA
"atheta","aeneipennis",NA,NA
"atheta","amplicollis",NA,NA
"atheta","atramentaria",NA,NA
"atheta","britanniae","flight",NA
"atheta","cauta","flight",NA
"atheta","celata","flight",NA
"atheta","crassicornis","flight",NA
"atheta","elongatula","flight",NA
"atheta","fungi","flight",NA
"atheta","graminicola",NA,NA
"atheta","harwoodi","flight",NA
"atheta","inquinula",NA,NA
"atheta","laticollis","flight",NA
"atheta","liliputana",NA,NA
"atheta","longicornis",NA,NA
"atheta","macrocera","flight",NA
"atheta","malleus",NA,NA
"atheta","nigra",NA,NA
"atheta","oblita","flight",NA
"atheta","orbata","flight",NA
"atheta","palustris","flight",NA
"atheta","pittionii","flight",NA
"atheta","putrida",NA,NA
"atheta","ravilla","flight",NA
"atheta","triangulum","flight",NA
"aulonia","albimana","ground",NA
"auplopus","carbonarius","flight",NA
"azteca","sp.02",NA,NA
"bactrocera","oleae",NA,"3"
"badister","bullatus","flight",NA
"badister","collaris",NA,NA
"badister","dilatatus",NA,NA
"badister","dorsiger",NA,NA
"badister","lacertosus","flight",NA
"badister","meridionalis","flight",NA
"badister","peltatus","flight",NA
"badister","sodalis","ground",NA
"badister","unipustulatus",NA,NA
"baryphyma","pratense",NA,NA
"baryphyma","trifrons","wind",NA
"bathyphantes","approximatus",NA,NA
"bathyphantes","gracilis","wind",NA
"bathyphantes","parvulus","wind",NA
"bathyphantes","similis","wind",NA
"bembidion","aeneum","ground",NA
"bembidion","argenteolum",NA,NA
"bembidion","articulatum",NA,NA
"bembidion","ascendens",NA,NA
"bembidion","aspericolle",NA,NA
"bembidion","assimile","ground",NA
"bembidion","atrocaeruleum",NA,NA
"bembidion","biguttatum","flight",NA
"bembidion","bipunctatum",NA,NA
"bembidion","bodenheimeri",NA,NA
"bembidion","bruxellense",NA,NA
"bembidion","clarkii",NA,NA
"bembidion","complanatum",NA,NA
"bembidion","conforme",NA,NA
"bembidion","decoratum",NA,NA
"bembidion","decorum",NA,NA
"bembidion","deletum","flight",NA
"bembidion","dentellum","flight",NA
"bembidion","doderoi",NA,NA
"bembidion","doris",NA,NA
"bembidion","elongatum",NA,NA
"bembidion","ephippium",NA,NA
"bembidion","eques",NA,NA
"bembidion","fasciolatum",NA,NA
"bembidion","femoratum",NA,NA
"bembidion","foraminosum",NA,NA
"bembidion","fulvipes",NA,NA
"bembidion","fumigatum",NA,NA
"bembidion","geniculatum",NA,NA
"bembidion","gilvipes","ground",NA
"bembidion","glaciale",NA,NA
"bembidion","guttula","ground",NA
"bembidion","humerale",NA,NA
"bembidion","illigeri",NA,NA
"bembidion","incognitum",NA,NA
"bembidion","inoptatum",NA,NA
"bembidion","inustum",NA,NA
"bembidion","iricolor","flight",NA
"bembidion","lampros","ground",NA
"bembidion","lapponicum",NA,NA
"bembidion","laticolle",NA,NA
"bembidion","latinum","flight",NA
"bembidion","litorale",NA,NA
"bembidion","longipes",NA,NA
"bembidion","lunatum",NA,NA
"bembidion","lunulatum","flight",NA
"bembidion","mannerheimii","ground",NA
"bembidion","maritimum",NA,NA
"bembidion","milleri",NA,NA
"bembidion","millerianum",NA,NA
"bembidion","minimum",NA,NA
"bembidion","modestum",NA,NA
"bembidion","monticola",NA,NA
"bembidion","neresheimeri",NA,NA
"bembidion","nigricorne",NA,NA
"bembidion","normannum",NA,NA
"bembidion","obliquum","flight",NA
"bembidion","obtusum","ground",NA
"bembidion","octomaculatum",NA,NA
"bembidion","pallidipenne",NA,NA
"bembidion","prasinum",NA,NA
"bembidion","properans","ground",NA
"bembidion","pseudascendens",NA,NA
"bembidion","punctulatum",NA,NA
"bembidion","pygmaeum",NA,NA
"bembidion","quadrimaculatum","flight",NA
"bembidion","quadripustulatum",NA,NA
"bembidion","ruficolle",NA,NA
"bembidion","ruficorne",NA,NA
"bembidion","saxatile",NA,NA
"bembidion","scapulare",NA,NA
"bembidion","schueppelii",NA,NA
"bembidion","semipunctatum",NA,NA
"bembidion","starkii",NA,NA
"bembidion","stephensii",NA,NA
"bembidion","stomoides",NA,NA
"bembidion","striatum",NA,NA
"bembidion","terminale",NA,NA
"bembidion","testaceum",NA,NA
"bembidion","tetracolum","ground",NA
"bembidion","tibiale",NA,NA
"bembidion","transparens",NA,NA
"bembidion","varicolor",NA,NA
"bembidion","varium",NA,NA
"bembidion","velox",NA,NA
"blemus","discus","flight",NA
"bolitobius","castaneus","flight",NA
"bolitobius","cingulatus","flight",NA
"brachiacantha","argentinica",NA,NA
"brachiacantha","sellata",NA,NA
"brachiacantha","trimaculata",NA,NA
"brachinus","bipustulatus","flight",NA
"brachinus","crepitans","flight",NA
"brachinus","explodens","flight",NA
"brachinus","ganglbaueri","flight",NA
"brachinus","psophia","flight",NA
"brachinus","sclopeta","flight",NA
"brachymyrmex","coactus",NA,NA
"brachymyrmex","depilis",NA,NA
"brachymyrmex","sp. 07",NA,NA
"brachymyrmex","sp.01",NA,NA
"brachymyrmex","sp.02",NA,NA
"brachymyrmex","sp.03",NA,NA
"brachymyrmex","sp.05",NA,NA
"brachymyrmex","sp.1",NA,NA
"brachymyrmex","sp.10",NA,NA
"brachymyrmex","sp.2",NA,NA
"brachymyrmex","sp.3",NA,NA
"brachymyrmex","sp.4",NA,NA
"brachyta","interrogationis",NA,NA
"bradycellus","caucasicus","ground",NA
"bradycellus","csikii",NA,NA
"bradycellus","distinctus",NA,NA
"bradycellus","harpalinus","ground",NA
"bradycellus","ruficollis",NA,NA
"bradycellus","sharpi",NA,NA
"bradycellus","verbasci",NA,NA
"brevicoryne","brassicae",NA,"1"
"broscus","cephalotes",NA,NA
"busseola","fusca",NA,NA
"cacoxenus","indagator","flight",NA
"calathus","","ground",NA
"calathus","ambiguus","flight",NA
"calathus","cinctus","ground",NA
"calathus","erratus","ground",NA
"calathus","fuscipes","ground",NA
"calathus","luctuosus","ground",NA
"calathus","melanocephalus","ground",NA
"calathus","micropterus","ground",NA
"calathus","mollis",NA,NA
"calathus","rotundicollis",NA,NA
"callicerus","obscurus","flight",NA
"callicerus","rigidicornis","flight",NA
"callidium","aeneum",NA,NA
"callidium","coriaceum",NA,NA
"callidium","violaceum",NA,NA
"callistus","lunatus","flight",NA
"calosoma","argentense",NA,NA
"calosoma","auropunctatum",NA,NA
"calosoma","inquisitor",NA,NA
"calosoma","investigator",NA,NA
"calosoma","reticulatum",NA,NA
"calosoma","retusum",NA,NA
"calosoma","sycophanta",NA,NA
"camponotus","1",NA,NA
"camponotus","114",NA,NA
"camponotus","127",NA,NA
"camponotus","133",NA,NA
"camponotus","142",NA,NA
"camponotus","143",NA,NA
"camponotus","18",NA,NA
"camponotus","182",NA,NA
"camponotus","19",NA,NA
"camponotus","208",NA,NA
"camponotus","214",NA,NA
"camponotus","220",NA,NA
"camponotus","25",NA,NA
"camponotus","3",NA,NA
"camponotus","31",NA,NA
"camponotus","39",NA,NA
"camponotus","51",NA,NA
"camponotus","66",NA,NA
"camponotus","78",NA,NA
"camponotus","8",NA,NA
"camponotus","89",NA,NA
"camponotus","aff. aruensis",NA,NA
"camponotus","aff. pictostriatus",NA,NA
"camponotus","aff. polynesicus",NA,NA
"camponotus","americanus",NA,NA
"camponotus","amperei",NA,NA
"camponotus","anezkae",NA,NA
"camponotus","armstrongi",NA,NA
"camponotus","aruensis",NA,NA
"camponotus","atriceps",NA,NA
"camponotus","blandus",NA,NA
"camponotus","bonariensis",NA,NA
"camponotus","castaneus",NA,NA
"camponotus","cf. chloroticus",NA,NA
"camponotus","cf. conithorax",NA,NA
"camponotus","cf. macrocephalus",NA,NA
"camponotus","cf. variegatus",NA,NA
"camponotus","cf._compressus",NA,NA
"camponotus","cingulatus",NA,NA
"camponotus","clarior",NA,NA
"camponotus","claripes gp. sp. SS 1",NA,NA
"camponotus","claripes gp. sp. SS 2",NA,NA
"camponotus","claripes gp. sp. SS 2 & discors gp. sp. SS 2",NA,NA
"camponotus","claripes gp. sp. SS 3",NA,NA
"camponotus","crozieri",NA,NA
"camponotus","discors gp. sp. SS 1",NA,NA
"camponotus","dorycus confusus",NA,NA
"camponotus","ephippium",NA,NA
"camponotus","essigi",NA,NA
"camponotus","evae gp. sp. SS 1",NA,NA
"camponotus","floridanus",NA,NA
"camponotus","foreli",NA,NA
"camponotus","friedae",NA,NA
"camponotus","gasseri",NA,NA
"camponotus","gigas",NA,NA
"camponotus","gouldianus",NA,NA
"camponotus","havilandi",NA,NA
"camponotus","herculeanus",NA,NA
"camponotus","irredux",NA,NA
"camponotus","itoi",NA,NA
"camponotus","laevigatus",NA,NA
"camponotus","lateralis",NA,NA
"camponotus","leae",NA,NA
"camponotus","leydigi",NA,NA
"camponotus","ligniperdus",NA,NA
"camponotus","melanoticus",NA,NA
"camponotus","minimus gp. sp. SS 1",NA,NA
"camponotus","near aurocinctus sp. SS 1",NA,NA
"camponotus","near capito sp. SS 1",NA,NA
"camponotus","near capito sp. SS 1  near capito sp. SS 2",NA,NA
"camponotus","nigriceps",NA,NA
"camponotus","novogranadensis",NA,NA
"camponotus","pennsylvannicus",NA,NA
"camponotus","pilicornis",NA,NA
"camponotus","prosseri",NA,NA
"camponotus","pseudoirritans",NA,NA
"camponotus","quadriceps",NA,NA
"camponotus","rotundus",NA,NA
"camponotus","rubidus",NA,NA
"camponotus","rubiginosis gp. sp. SS 1",NA,NA
"camponotus","rubiginosis gp. sp. SS 2",NA,NA
"camponotus","rufipes",NA,NA
"camponotus","sanguinifrons",NA,NA
"camponotus","senex",NA,NA
"camponotus","similimus",NA,NA
"camponotus","socius",NA,NA
"camponotus","sp. 20 aff. janeti",NA,NA
"camponotus","sp. 21 aff. janeti",NA,NA
"camponotus","sp. 42",NA,NA
"camponotus","sp. 5 aff. poecilus",NA,NA
"camponotus","sp. prox. Cingulatus",NA,NA
"camponotus","sp.09",NA,NA
"camponotus","sp.1",NA,NA
"camponotus","sp.10",NA,NA
"camponotus","sp.14",NA,NA
"camponotus","sp.2",NA,NA
"camponotus","sp.29",NA,NA
"camponotus","sp.3",NA,NA
"camponotus","sp.35",NA,NA
"camponotus","sp.8",NA,NA
"camponotus","sp._16_rubiginosus_gp.",NA,NA
"camponotus","sp._24_claripes_gp.",NA,NA
"camponotus","sp._4_pellax_gp.",NA,NA
"camponotus","sp._8_discors_gp.",NA,NA
"camponotus","sp._9_novaehollandiae_gp.",NA,NA
"camponotus","trajanus",NA,NA
"camponotus","triangulatus",NA,NA
"camponotus","truncatus",NA,NA
"camponotus","un01",NA,NA
"camponotus","un10",NA,NA
"camponotus","vicinus",NA,NA
"camponotus","vitreus",NA,NA
"camponotus","wanangus",NA,NA
"carabus","arcensis",NA,NA
"carabus","auratus","ground",NA
"carabus","auronitens","ground",NA
"carabus","cancellatus","ground",NA
"carabus","clatratus",NA,NA
"carabus","convexus","ground",NA
"carabus","coriaceus","ground",NA
"carabus","glabratus","ground",NA
"carabus","granulatus","ground",NA
"carabus","hortensis",NA,NA
"carabus","hungaricus","ground",NA
"carabus","intricatus","ground",NA
"carabus","irregularis",NA,NA
"carabus","linnei",NA,NA
"carabus","menetriesi",NA,NA
"carabus","monilis","ground",NA
"carabus","nemoralis","ground",NA
"carabus","nitens",NA,NA
"carabus","problematicus","ground",NA
"carabus","scabriusculus","ground",NA
"carabus","scheidleri",NA,NA
"carabus","sylvestris",NA,NA
"carabus","ulrichii",NA,NA
"carabus","variolosus",NA,NA
"carabus","violaceus","ground",NA
"cardiocondyla","193",NA,NA
"cardiocondyla","86",NA,NA
"cardiocondyla","95",NA,NA
"cardiocondyla","emeryi",NA,NA
"cardiocondyla","microseta",NA,NA
"cardiocondyla","obscurior",NA,NA
"cardiocondyla","sp._1_nuda_complex",NA,NA
"cardiocondyla","wroughtonii",NA,NA
"carebara","1",NA,NA
"carebara","50",NA,NA
"carebara","52",NA,NA
"carebara","anophtalma",NA,NA
"carebara","atoma",NA,NA
"carebara","crassiuscula",NA,NA
"carebara","jiangxiensis",NA,NA
"carebara","melasolena",NA,NA
"carebara","panamensis",NA,NA
"carebara","reina",NA,NA
"carebara","sp.",NA,NA
"carebara","sp.1",NA,NA
"carebara","urichi",NA,NA
"carpelimus","bilineatus","flight",NA
"carpelimus","corticinus","flight",NA
"carpelimus","elongatulus","flight",NA
"carpelimus","gracilis","flight",NA
"carpelimus","impressus",NA,NA
"carpelimus","rivularis",NA,NA
"centromerita","bicolor","wind",NA
"centromerus","brevipalpus","wind",NA
"centromerus","leruthi","wind",NA
"centromerus","sylvaticus",NA,NA
"cephalotes","atratus",NA,NA
"cephalotes","betoi",NA,NA
"cephalotes","minutus",NA,NA
"cephalotes","pallidoides",NA,NA
"cephalotes","persimilis",NA,NA
"cephalotes","pusillus",NA,NA
"cephalotes","simillimus",NA,NA
"cephus","","flight",NA
"cerambyx","cerdo",NA,NA
"cerambyx","scopolii",NA,NA
"cerapachys","0",NA,NA
"cerapachys","151",NA,NA
"cerapachys","168",NA,NA
"cerapachys","215",NA,NA
"cerapachys","3",NA,NA
"cerapachys","9",NA,NA
"cerapachys","brevis gp. sp. SS 1",NA,NA
"cerapachys","cf. flavaclavatus",NA,NA
"cerapachys","clarki gp. sp. SS 1",NA,NA
"cerapachys","desposyne",NA,NA
"cerapachys","fervidus gp. sp. SS 1",NA,NA
"cerapachys","fervidus gp. sp. SS 2",NA,NA
"cerapachys","fervidus gp. sp. SS 3",NA,NA
"cerapachys","fervidus gp. sp. SS 4",NA,NA
"cerapachys","sp._11_turneri_gp.",NA,NA
"cerapachys","sp._4_singularis_gp.",NA,NA
"cerapachys","splendens",NA,NA
"cerapachys","sulcinodis",NA,NA
"cerapachys","toltecus",NA,NA
"cerapachys","un01",NA,NA
"cerapachys","varians gp. sp. SS 1",NA,NA
"cerapachys","varians gp. sp. SS 2",NA,NA
"ceratinella","","wind",NA
"ceratinella","brevipes","wind",NA
"ceratinella","brevis","wind",NA
"ceratinella","major","wind",NA
"ceratinella","scabrosa","wind",NA
"cerceris","quinquefasciata","flight",NA
"cerceris","rybyensis","flight",NA
"chaenotetrastichus","","flight/wind",NA
"chaenotetrastichus","grangeri","flight/wind",NA
"chaenotetrastichus","semiflavus","flight/wind",NA
"chaetocnema","aridula","flight",NA
"chaetocnema","concinna","flight",NA
"chaetocnema","hortensis","flight",NA
"chaetocnema","laevicollis","flight",NA
"chaetocnema","mannerheimi",NA,NA
"chaetocnema","subcoerulea",NA,NA
"chalcosyrphus","nemorum","flight",NA
"chlaenius","costulatus",NA,NA
"chlaenius","decipiens",NA,NA
"chlaenius","festivus",NA,NA
"chlaenius","nigricornis","flight",NA
"chlaenius","nitidulus",NA,NA
"chlaenius","olivieri",NA,NA
"chlaenius","tibialis",NA,NA
"chlaenius","tristis",NA,NA
"chlaenius","vestitus",NA,NA
"chlorophorus","herbstii",NA,NA
"chrysis","","flight/wind",NA
"chrysis","angustula","flight/wind",NA
"chrysis","cyanea","flight/wind",NA
"chrysis","ignita","flight/wind",NA
"chrysis","indigotea","flight/wind",NA
"chrysocharis","pentheus","flight/wind",NA
"chrysopa","",NA,NA
"chrysoperla","",NA,NA
"chrysoperla","carnea","flight",NA
"chrysoperla","lucasina","flight",NA
"chrysopidae","","flight",NA
"cicindela","campestris","flight",NA
"cicindela","gallica",NA,NA
"cicindela","germanica","flight",NA
"cicindela","hybrida",NA,NA
"cicindela","maritima",NA,NA
"cicindela","sylvatica",NA,NA
"cicindela","sylvicola",NA,NA
"cicindela","transversalis",NA,NA
"cicurina","cicur","ground",NA
"clivina","collaris","flight",NA
"clivina","fossor","ground",NA
"closterotomus","biclacatus","flight",NA
"closterotomus","norwegicus",NA,NA
"clubiona","brevipes",NA,NA
"clubiona","comta","ground",NA
"clubiona","diniensis","ground",NA
"clubiona","diversa","ground",NA
"clubiona","leucaspis",NA,NA
"clubiona","lutescens","ground",NA
"clubiona","neglecta","ground",NA
"clubiona","pallidula","ground",NA
"clubiona","phragmitis","ground",NA
"clubiona","pseudoneglecta","ground",NA
"clubiona","reclusa","ground",NA
"clubiona","stagnatilis",NA,NA
"clubiona","subtilis","ground",NA
"clytus","arietis",NA,NA
"coccinella","magnifica","flight",NA
"coccinella","quinquepunctata","flight",NA
"coccinella","septempunctata","flight",NA
"coccinella","undecimpunctata","flight",NA
"coccinellidae","","flight",NA
"coccinula","quatuordecimpustulata",NA,NA
"coelotes","terrestris","ground",NA
"coleomegilla","quadrifasciata.octodecimpustulata",NA,NA
"collinsia","inerrans","wind",NA
"copitarsia","consueta",NA,NA
"copitarsia","turbata",NA,NA
"corticaria","abietorum",NA,NA
"corticaria","obscura",NA,NA
"corticaria","serrata",NA,NA
"corticaria","umbilicata",NA,NA
"cortodera","femorata",NA,NA
"crematogaster","120",NA,NA
"crematogaster","138",NA,NA
"crematogaster","165",NA,NA
"crematogaster","180",NA,NA
"crematogaster","181",NA,NA
"crematogaster","22",NA,NA
"crematogaster","33",NA,NA
"crematogaster","4",NA,NA
"crematogaster","40",NA,NA
"crematogaster","6",NA,NA
"crematogaster","71",NA,NA
"crematogaster","85",NA,NA
"crematogaster","91",NA,NA
"crematogaster","antcnp_sp11",NA,NA
"crematogaster","auberti",NA,NA
"crematogaster","brasiliensis",NA,NA
"crematogaster","cf. flavicornis",NA,NA
"crematogaster","cf. major",NA,NA
"crematogaster","cf. pythia",NA,NA
"crematogaster","cf._biroi",NA,NA
"crematogaster","cf._rogenhoferi",NA,NA
"crematogaster","cf._subnuda",NA,NA
"crematogaster","coarctata",NA,NA
"crematogaster","distans",NA,NA
"crematogaster","elysii",NA,NA
"crematogaster","emeryi",NA,NA
"crematogaster","flavitarsis",NA,NA
"crematogaster","frivola",NA,NA
"crematogaster","laeviceps gp. sp. SS 1",NA,NA
"crematogaster","laeviceps gp. sp. SS 1 & sp. SS 2",NA,NA
"crematogaster","limata",NA,NA
"crematogaster","lineolata",NA,NA
"crematogaster","modiglianii",NA,NA
"crematogaster","natalensis",NA,NA
"crematogaster","obnigra",NA,NA
"crematogaster","paradoxa",NA,NA
"crematogaster","polita",NA,NA
"crematogaster","queenslandica",NA,NA
"crematogaster","queenslandica gp. sp. SS 1",NA,NA
"crematogaster","sordidula",NA,NA
"crematogaster","sp. 11 aff. fritzi",NA,NA
"crematogaster","sp. 15 aff. flavicornis",NA,NA
"crematogaster","sp. 6",NA,NA
"crematogaster","sp. 7 aff. fritzi",NA,NA
"crematogaster","sp.06",NA,NA
"crematogaster","sp.08",NA,NA
"crematogaster","sp.11",NA,NA
"crematogaster","sp.3GroupA",NA,NA
"crematogaster","sp.5",NA,NA
"crematogaster","sp._2_australis_complex",NA,NA
"crematogaster","sp._4_Group_A",NA,NA
"crematogaster","sp.prox. Obscurata",NA,NA
"crematogaster","sumichrasti",NA,NA
"crematogaster","tarsata",NA,NA
"crematogaster","un02",NA,NA
"crematogaster","un03",NA,NA
"crematogaster","un04",NA,NA
"creonitades","dilutus",NA,"3"
"creontiades","dilutus",NA,NA
"cryptoblabes","gnidiella",NA,"3"
"cychrus","attenuatus",NA,NA
"cychrus","caraboides",NA,NA
"cycloneda","ancoralis",NA,NA
"cycloneda","emarginada",NA,NA
"cycloneda","limbicollis",NA,NA
"cycloneda","sanguinea",NA,NA
"cynipoidea","","flight/wind",NA
"cyphomyrmex","costatus",NA,NA
"cyphomyrmex","lectus",NA,NA
"cyphomyrmex","minutus",NA,NA
"cyphomyrmex","olitor",NA,NA
"cyphomyrmex","plaumanni",NA,NA
"cyphomyrmex","rimosus",NA,NA
"cyphomyrmex","sp. 24",NA,NA
"cyphomyrmex","sp.1",NA,NA
"cyphomyrmex","sp.2",NA,NA
"cyphomyrmex","sp.20",NA,NA
"cyphomyrmex","sp.3",NA,NA
"cyphomyrmex","strigatus",NA,NA
"cyphomyrmex","strigatus sp.1",NA,NA
"cyphomyrmex","transversus",NA,NA
"delia","radicum",NA,"3"
"demetrias","atricapillus","flight",NA
"demetrias","imperialis",NA,NA
"demetrias","monostigma",NA,NA
"dendrocerus","carpenteri","flight/wind",NA
"deraeocoris","annulipes",NA,NA
"deraeocoris","flavilinea","flight",NA
"deraeocoris","ruber","flight",NA
"deraeocoris","trifasciatus","flight",NA
"diabrotica","barberi",NA,NA
"diabrotica","speciosa",NA,NA
"diabrotica","virgifera",NA,"3"
"diachromus","germanus","flight",NA
"diaea","dorsata","ground",NA
"dibrachys","","flight/wind",NA
"dibrachys","cavus","flight/wind",NA
"dibrachys","lignicola","flight/wind",NA
"dibrachys","microgastri","flight/wind",NA
"dicymbium","nigrum","wind",NA
"dicymbium","tibiale","wind",NA
"diglyphus","isaea","flight/wind",NA
"dinaraea","angustula","flight",NA
"dinoptera","collaris",NA,NA
"diomus","agapitus",NA,NA
"diomus","argentenicus",NA,NA
"diomus","faustinus",NA,NA
"diomus","jane",NA,NA
"diomus","petronilla",NA,NA
"diomus","pusillus",NA,NA
"diomus","seminulus",NA,NA
"diomus","sp11",NA,NA
"diomus","sp43",NA,NA
"diomus","tenuis",NA,NA
"diomus","tucumanus",NA,NA
"diplocephalus","cristatus","wind",NA
"diplocephalus","graecus","wind",NA
"diplocephalus","latifrons","wind",NA
"diplocephalus","marijae","wind",NA
"diplocephalus","picinus","wind",NA
"diplostyla","concolor","wind",NA
"dipogon","","flight",NA
"dipogon","subintermedius","flight",NA
"dipogon","variegatus","flight",NA
"discoelius","zonalis","flight",NA
"discothyrea","149",NA,NA
"discothyrea","denticulata",NA,NA
"discothyrea","humilis",NA,NA
"discothyrea","neotropica",NA,NA
"discothyrea","sauteri",NA,NA
"discothyrea","sexarticulata",NA,NA
"dismodicus","bifrons","wind",NA
"dismodicus","elevatus","wind",NA
"dolichus","halensis","flight",NA
"dolycoris","baccarum","flight",NA
"drassyllus","lutetianus","ground",NA
"drassyllus","praeficus","ground",NA
"drassyllus","pusillus","ground",NA
"drassyllus","villicus","ground",NA
"drepanotylus","uncatus","wind",NA
"dromius","agilis",NA,NA
"dromius","angustus",NA,NA
"dromius","fenestratus",NA,NA
"dromius","meridionalis",NA,NA
"dromius","quadraticollis",NA,NA
"dromius","quadrimaculatus","flight",NA
"dromius","schneideri",NA,NA
"drusilla","canaliculata","flight",NA
"drypta","dentata","flight",NA
"dyschiriodes","tristis",NA,NA
"dyschirius","aeneus",NA,NA
"dyschirius","agnatus",NA,NA
"dyschirius","angustatus",NA,NA
"dyschirius","arenosus",NA,NA
"dyschirius","bonellii",NA,NA
"dyschirius","chalceus",NA,NA
"dyschirius","digitatus",NA,NA
"dyschirius","extensus",NA,NA
"dyschirius","globosus","ground",NA
"dyschirius","gracilis",NA,NA
"dyschirius","impunctipennis",NA,NA
"dyschirius","intermedius",NA,NA
"dyschirius","laeviusculus",NA,NA
"dyschirius","neresheimeri",NA,NA
"dyschirius","nitidus",NA,NA
"dyschirius","obscurus",NA,NA
"dyschirius","rufipes",NA,NA
"dyschirius","semistriatus",NA,NA
"dyschirius","tristis",NA,NA
"dysdera","","ground",NA
"dysdera","erythrina","ground",NA
"ectatomma","edentatum",NA,NA
"ectatomma","muticum",NA,NA
"ectatomma","permagnum",NA,NA
"ectatomma","ruidum",NA,NA
"ectatomma","tuberculatum",NA,NA
"elaphrus","aureus",NA,NA
"elaphrus","cupreus","flight",NA
"elaphrus","riparius",NA,NA
"elaphrus","uliginosus",NA,NA
"elaphrus","ullrichii",NA,NA
"empoasca","affinis","high",NA
"empoasca","decipiens","high",NA
"empoasca","pteridis","high",NA
"empoasca","vitis","high",NA
"encyrtidae","","flight/wind",NA
"enoplognatha","diversa","wind",NA
"enoplognatha","latimana","wind",NA
"enoplognatha","ovata","wind",NA
"enoplognatha","thoracica","wind",NA
"episyrphus","balteatus","flight",NA
"ergates","faber",NA,NA
"erigone","","wind",NA
"erigone","atra","wind",NA
"erigone","dentipalpis","wind",NA
"erigone","longipalpis","wind",NA
"erigonella","hiemalis","wind",NA
"eriopis","conexa",NA,NA
"eriopis","connexa",NA,NA
"eristalis","","flight",NA
"eristalis","abusiva","flight",NA
"eristalis","arbustorum","flight",NA
"eristalis","horticola","flight",NA
"eristalis","interrupta","flight",NA
"eristalis","intricaria","flight",NA
"eristalis","intricarius","flight",NA
"eristalis","jugorum","flight",NA
"eristalis","lineata","flight",NA
"eristalis","pertinax","flight",NA
"eristalis","picea","flight",NA
"eristalis","pratorum","flight",NA
"eristalis","rupium","flight",NA
"eristalis","similis","flight",NA
"eristalis","tenax","flight",NA
"eumeninae","","flight",NA
"euodynerus","notatus","flight",NA
"euodynerus","quadrifasciatus","flight",NA
"eupeodes","","flight",NA
"eupeodes","bucculatus","flight",NA
"eupeodes","corollae","flight",NA
"eupeodes","lapponicus","flight",NA
"eupeodes","latifasciatus","flight",NA
"eupeodes","lundbecki","flight",NA
"eupeodes","luniger","flight",NA
"eupeodes","nielseni","flight",NA
"eupeodes","nitens","flight",NA
"eupoecilia","ambiguella",NA,"3"
"eurydema","oleracea","flight",NA
"euryopis","episinoides","wind",NA
"euryopis","flavomaculata","wind",NA
"euryopis","quinqueguttata","wind",NA
"eurytoma","amygdali",NA,"2"
"eurytoma","nodularis","flight/wind",NA
"evodinus","borealis",NA,NA
"exocentrus","adspersus",NA,NA
"exocentrus","lusitanus",NA,NA
"falagria","sulcata","flight",NA
"forficula","auricularia","ground",NA
"formicidae","","flight",NA
"gasteruption","","flight/wind",NA
"gasteruption","assectator","flight/wind",NA
"gaurotes","virginea",NA,NA
"geocoris","",NA,NA
"gnamptogenys","122",NA,NA
"gnamptogenys","124",NA,NA
"gnamptogenys","7",NA,NA
"gnamptogenys","74",NA,NA
"gnamptogenys","8",NA,NA
"gnamptogenys","acuminata",NA,NA
"gnamptogenys","continua",NA,NA
"gnamptogenys","curvoclypeata",NA,NA
"gnamptogenys","hartmani",NA,NA
"gnamptogenys","horni",NA,NA
"gnamptogenys","interrupta",NA,NA
"gnamptogenys","menadensis",NA,NA
"gnamptogenys","minuta",NA,NA
"gnamptogenys","nana",NA,NA
"gnamptogenys","pr.reichenspergeri sp.1",NA,NA
"gnamptogenys","pr.striatula sp.1",NA,NA
"gnamptogenys","pr.striatula sp.2",NA,NA
"gnamptogenys","quadrutinodules",NA,NA
"gnamptogenys","rastrata",NA,NA
"gnamptogenys","reichenspergeri",NA,NA
"gnamptogenys","sp.4",NA,NA
"gnamptogenys","striatula",NA,NA
"gnamptogenys","tornata",NA,NA
"gnamptogenys","triangularis",NA,NA
"gnathacmaeops","pratensis",NA,NA
"gongylidiellum","","wind",NA
"gongylidiellum","latebricola","wind",NA
"gongylidiellum","murcidum","wind",NA
"gongylidiellum","vivum","wind",NA
"grammoptera","ruficornis",NA,NA
"grammoptera","ustulata",NA,NA
"gynandromorphus","etruscus",NA,NA
"gyrohypnus","angustatus","flight",NA
"gyrohypnus","liebei","flight",NA
"gyrohypnus","punctulatus","flight",NA
"hahnia","nava","ground",NA
"hahnia","pusilla","ground",NA
"halticus","apterus",NA,NA
"halticus","luteicollis","flight",NA
"haplodrassus","dalmatensis","ground",NA
"haplodrassus","invalidus","ground",NA
"haplodrassus","minor","ground",NA
"haplodrassus","severus","ground",NA
"haplodrassus","signifer","ground",NA
"haplodrassus","umbratilis","ground",NA
"harmonia","axyridis","flight",NA
"harpactea","fageli","ground",NA
"harpactea","lepida","ground",NA
"harpalus","affinis","flight",NA
"harpalus","albanicus","flight",NA
"harpalus","anxius","flight",NA
"harpalus","atratus","ground",NA
"harpalus","attenuatus",NA,NA
"harpalus","autumnalis","ground",NA
"harpalus","calceatus","flight",NA
"harpalus","caspius","flight",NA
"harpalus","cephalotes",NA,NA
"harpalus","cupreus","flight",NA
"harpalus","dimidiatus","flight",NA
"harpalus","distinguendus","flight",NA
"harpalus","flavescens","flight",NA
"harpalus","flavicornis","flight",NA
"harpalus","froelichii",NA,NA
"harpalus","fuscicornis","flight",NA
"harpalus","fuscipalpis",NA,NA
"harpalus","griseus","flight",NA
"harpalus","hirtipes",NA,NA
"harpalus","honestus",NA,NA
"harpalus","hospes","ground",NA
"harpalus","laevipes","flight",NA
"harpalus","latus","flight",NA
"harpalus","luteicornis","flight",NA
"harpalus","marginellus","ground",NA
"harpalus","melancholicus",NA,NA
"harpalus","modestus","flight",NA
"harpalus","neglectus",NA,NA
"harpalus","picipennis","ground",NA
"harpalus","politus","ground",NA
"harpalus","progrediens","ground",NA
"harpalus","pumilus","ground",NA
"harpalus","pygmaeus","flight",NA
"harpalus","rubripes","flight",NA
"harpalus","rufipalpis",NA,NA
"harpalus","rufipes","ground",NA
"harpalus","serripes","flight",NA
"harpalus","servus",NA,NA
"harpalus","signaticornis","flight",NA
"harpalus","smaragdinus","flight",NA
"harpalus","solitaris",NA,NA
"harpalus","subcylindricus","ground",NA
"harpalus","sulphuripes",NA,NA
"harpalus","tardus","flight",NA
"harpalus","tenebrosus",NA,NA
"harpalus","zabroides",NA,NA
"helicoverpa","armigera",NA,"3"
"helopeltis","sulawesi",NA,NA
"himacerus","apterus","flight",NA
"himacerus","major","flight",NA
"himacerus","mirmicoides","flight",NA
"hippodamia","convergens",NA,NA
"hippodamia","notata",NA,NA
"hippodamia","tredecimpunctata",NA,NA
"hippodamia","variegata","flight",NA
"histopona","torpida","ground",NA
"hylotrupes","bajulus",NA,NA
"hypera","arator",NA,NA
"hypera","meles",NA,NA
"hypera","nigrirostris",NA,NA
"hypera","plantaginis",NA,NA
"hypera","postica",NA,"2"
"hypera","rumicis",NA,NA
"hypera","suspiciosa",NA,NA
"hypera","zoilus",NA,NA
"hyperaspis","conclusa",NA,NA
"hyperaspis","elegantissima",NA,NA
"hyperaspis","festiva",NA,NA
"hyperaspis","gordoni",NA,NA
"hyperaspis","longula",NA,NA
"hyperaspis","matronata",NA,NA
"hyperaspis","sp13",NA,NA
"hyperaspis","sp19",NA,NA
"hypoponera","1",NA,NA
"hypoponera","113",NA,NA
"hypoponera","39",NA,NA
"hypoponera","80",NA,NA
"hypoponera","JTL013",NA,NA
"hypoponera","antcnp_sp2",NA,NA
"hypoponera","cf. confinis",NA,NA
"hypoponera","eduardi",NA,NA
"hypoponera","inexorata",NA,NA
"hypoponera","opacior",NA,NA
"hypoponera","parva",NA,NA
"hypoponera","sabrone",NA,NA
"hypoponera","sp. 04",NA,NA
"hypoponera","sp.02",NA,NA
"hypoponera","sp.03",NA,NA
"hypoponera","sp.10",NA,NA
"hypoponera","sp.11",NA,NA
"hypoponera","sp.12",NA,NA
"hypoponera","sp.13",NA,NA
"hypoponera","sp.14",NA,NA
"hypoponera","sp.15",NA,NA
"hypoponera","sp.16",NA,NA
"hypoponera","sp.17",NA,NA
"hypoponera","sp.18",NA,NA
"hypoponera","sp.19",NA,NA
"hypoponera","sp.2",NA,NA
"hypoponera","sp.20",NA,NA
"hypoponera","sp.21",NA,NA
"hypoponera","sp.22",NA,NA
"hypoponera","sp.23",NA,NA
"hypoponera","sp.24",NA,NA
"hypoponera","sp.3",NA,NA
"hypoponera","sp.5",NA,NA
"hypoponera","sp.6",NA,NA
"hypoponera","sp.7",NA,NA
"hypoponera","sp.8",NA,NA
"hypoponera","sp.9",NA,NA
"hypothenemus","hampei",NA,"2"
"ichneumonidae","","flight/wind",NA
"ilyobates","propinquus","flight",NA
"ilyobates","subopacus","flight",NA
"jacksonella","falconeri","wind",NA
"judolia","sexmaculata",NA,NA
"labidus","coecus",NA,NA
"labidus","praedator",NA,NA
"lachnomyrmex","plaumanni",NA,NA
"laemostenus","terricola","ground",NA
"lamia","textor",NA,NA
"larinioides","cornutus","wind",NA
"larinioides","suspicax","wind",NA
"lathrobium","brunnipes","flight",NA
"lathrobium","fulvipenne","flight",NA
"lathrobium","longulum","flight",NA
"lathrobium","multipunctum","flight",NA
"lathrobium","pallidipenne","flight",NA
"lathrobium","pallidum","flight",NA
"lathrobium","quadratum","flight",NA
"lathrobium","volgense","flight",NA
"leioderes","kollari",NA,NA
"leiopus","nebulosus",NA,NA
"leiopus","punctulatus",NA,NA
"leistus","ferrugineus","flight",NA
"leistus","fulvibarbis","flight",NA
"leistus","montanus",NA,NA
"leistus","nitidus",NA,NA
"leistus","piceus",NA,NA
"leistus","rufomarginatus",NA,NA
"leistus","spinibarbis",NA,NA
"leistus","terminatus",NA,NA
"lepidoptera","","flight",NA
"lepthyphantes","","wind",NA
"leptinotarsa","decemlineata",NA,"3"
"leptogenys","120",NA,NA
"leptogenys","139",NA,NA
"leptogenys","140",NA,NA
"leptogenys","143",NA,NA
"leptogenys","146",NA,NA
"leptogenys","15",NA,NA
"leptogenys","160",NA,NA
"leptogenys","67",NA,NA
"leptogenys","68",NA,NA
"leptogenys","77",NA,NA
"leptogenys","diminuta",NA,NA
"leptogenys","exigua",NA,NA
"leptogenys","intermedia",NA,NA
"leptogenys","kitteli",NA,NA
"leptogenys","rufida",NA,NA
"leptogenys","sp._nr._conigera",NA,NA
"leptura","quadrifasciata",NA,NA
"lepturalia","nigripes",NA,NA
"lepturobosca","virens",NA,NA
"licinus","cassideus",NA,NA
"licinus","depressus",NA,NA
"licinus","hoffmannseggii",NA,NA
"licinus","oblongus",NA,NA
"liocranoeca","striata","ground",NA
"lionychus","quadrillum",NA,NA
"liriomyza","huidobrensis",NA,NA
"liriomyza","sativae",NA,"2"
"lobesia","botrana",NA,"2"
"loricera","pilicornis","flight",NA
"lygus","gemellatus","flight",NA
"lygus","hesperus",NA,"3"
"lygus","lineolaris",NA,"3"
"lygus","pratensis","flight",NA
"lygus","rugulipennis","flight",NA
"lygus","wagneri",NA,NA
"macrocentrus","","flight/wind",NA
"macrosiphum","euphorbiae",NA,"1"
"mangora","acalypha","wind",NA
"medon","","flight",NA
"megatoma","undata","ground",NA
"meioneta","affinis",NA,NA
"meioneta","rurestris",NA,NA
"meioneta","saxatilis",NA,NA
"melanostoma","","flight",NA
"melanostoma","mellinum","flight",NA
"melanostoma","scalare","flight",NA
"meligethes","aeneus","flight/wind","3"
"meligethes","brachialis",NA,NA
"meligethes","carinulatus",NA,NA
"meligethes","coeruleovirens",NA,NA
"meligethes","coracinus",NA,NA
"meligethes","difficilis",NA,NA
"meligethes","flavimanus",NA,NA
"meligethes","maurus",NA,NA
"meligethes","morosus",NA,NA
"meligethes","nigrescens",NA,NA
"meligethes","ovatus",NA,NA
"meligethes","persicus",NA,NA
"meligethes","rotundicollis",NA,NA
"meligethes","ruficornis",NA,NA
"meligethes","subaeneus",NA,NA
"meligethes","symphyti",NA,NA
"meligethes","umbrosus",NA,NA
"meligethes","viridescens",NA,NA
"melittobia","acasta","flight/wind",NA
"mesosa","curculionoides",NA,NA
"mesosa","nebulosa",NA,NA
"mesus","rugatifrons",NA,NA
"metopolophium","dirhodum","flight/wind","1"
"micaria","albovittata","ground",NA
"micaria","coarctata","ground",NA
"micaria","dives","ground",NA
"micaria","formicaria","ground",NA
"micaria","guttigera","ground",NA
"micaria","pulicaria","ground",NA
"micaria","rossica","ground",NA
"micrargus","apertus","wind",NA
"micrargus","herbigradus","wind",NA
"micrargus","subaequalis","wind",NA
"microlestes","fissuralis","flight",NA
"microlestes","maurus","ground",NA
"microlestes","minutulus","flight",NA
"microlinyphia","pusilla","wind",NA
"micromus","angulatus","flight",NA
"micromus","variegatus","flight",NA
"molops","elatus","ground",NA
"molops","piceus","ground",NA
"molorchus","minor",NA,NA
"molorchus","umbellatarum",NA,NA
"monocephalus","fuscipes","wind",NA
"monochamus","galloprovincialis",NA,NA
"monochamus","sutor",NA,NA
"monochamus","urussovii",NA,NA
"monodontomerus","","flight/wind",NA
"monodontomerus","obscurus","flight/wind",NA
"monodontomerus","obsoletus","flight/wind",NA
"monomorium","1",NA,NA
"monomorium","12",NA,NA
"monomorium","3",NA,NA
"monomorium","9",NA,NA
"monomorium","93",NA,NA
"monomorium","96",NA,NA
"monomorium","?fieldi  fieldi",NA,NA
"monomorium","donisthorpei",NA,NA
"monomorium","fieldi",NA,NA
"monomorium","flavipes gp. sp. SS 1",NA,NA
"monomorium","floricola",NA,NA
"monomorium","intrudens",NA,NA
"monomorium","leae",NA,NA
"monomorium","leave laeve gp. sp. SS 1",NA,NA
"monomorium","leave laeve gp. sp. SS 2 & leave laeve gp. sp. SS 1",NA,NA
"monomorium","musicum",NA,NA
"monomorium","nigrius",NA,NA
"monomorium","pharaonis",NA,NA
"monomorium","rothsteini gp. sp. SS 1",NA,NA
"monomorium","sordidum gp. sp. SS 1",NA,NA
"monomorium","sordidum gp. sp. SS 2",NA,NA
"monomorium","sordidum gp. sp. SS 3",NA,NA
"monomorium","sp. 3",NA,NA
"monomorium","sp. 5 aff. floricola",NA,NA
"monomorium","sp._14_nigrius_gp.",NA,NA
"monomorium","sp._1_rothsteini_gp.",NA,NA
"monomorium","sp._24_laeve_gp.",NA,NA
"monomorium","sp._26_sydneyense_gp.",NA,NA
"monomorium","sp._33_laeve_gp.",NA,NA
"monomorium","sp._37_nigrius_gp.",NA,NA
"monomorium","sp._39_nigrius_gp.",NA,NA
"monomorium","sp._7_insolescens_gp.",NA,NA
"monomorium","sp._8_carinatum_gp.",NA,NA
"monomorium","taedium",NA,NA
"monomorium","un01",NA,NA
"monomorium","viride",NA,NA
"mycetoporus","bimaculatus","flight",NA
"mycetoporus","forticornis","flight",NA
"mycetoporus","lepidus","flight",NA
"mycetoporus","longulus","flight",NA
"mycetoporus","nigricollis",NA,NA
"myzus","cerasi","flight/wind","1"
"nabis","","flight",NA
"nabis","brevis","flight",NA
"nabis","ferus","flight",NA
"nabis","flavomarginatus",NA,NA
"nabis","limbatus",NA,NA
"nabis","pseudoferus","flight",NA
"nabis","punctatus","flight",NA
"nabis","rugosus","flight",NA
"nasonovia","ribisnigri",NA,"1"
"nebria","brevicollis","flight",NA
"nebria","germarii",NA,NA
"nebria","hellwigii",NA,NA
"nebria","jockischii",NA,NA
"nebria","livida",NA,NA
"nebria","picicornis",NA,NA
"nebria","rufescens",NA,NA
"nebria","salina","flight",NA
"necydalis","major",NA,NA
"nehemitropia","lividipennis",NA,NA
"neoscona","adianta","wind",NA
"nivellia","sanguinosa",NA,NA
"nothorhina","muricata",NA,NA
"notiophilus","aestuans","ground",NA
"notiophilus","aquaticus","ground",NA
"notiophilus","biguttatus","ground",NA
"notiophilus","germinyi","ground",NA
"notiophilus","laticollis","ground",NA
"notiophilus","palustris","ground",NA
"notiophilus","quadripunctatus","ground",NA
"notiophilus","rufipes","flight",NA
"notiophilus","substriatus",NA,NA
"notoxus","monoceros",NA,NA
"nysius","cymoides",NA,NA
"nysius","ericae",NA,NA
"nysius","senecionis",NA,NA
"nysius","thymi",NA,NA
"oberea","linearis",NA,NA
"oberea","oculata",NA,NA
"obrium","brunneum",NA,NA
"obrium","cantharinum",NA,NA
"octostruma","balzani",NA,NA
"octostruma","petiolata",NA,NA
"octostruma","rugifera",NA,NA
"octostruma","sp.L",NA,NA
"octostruma","stenognatha",NA,NA
"ocypus","brunnipes","flight",NA
"ocypus","fuscatus","flight",NA
"ocypus","nero","flight",NA
"ocypus","nitens","flight",NA
"ocys","harpaloides","ground",NA
"ocys","quinquestriatus",NA,NA
"odontomachus","65",NA,NA
"odontomachus","75",NA,NA
"odontomachus","affinis",NA,NA
"odontomachus","bauri",NA,NA
"odontomachus","chelifer",NA,NA
"odontomachus","meinerti",NA,NA
"odontomachus","monticola",NA,NA
"odontomachus","relictus",NA,NA
"odontomachus","simillimus",NA,NA
"odontomachus","sp.2",NA,NA
"odontomachus","sp._Nr._Turneri",NA,NA
"odontomachus","testaceus",NA,NA
"oedothorax","","wind",NA
"oedothorax","agrestis","wind",NA
"oedothorax","apicatus","wind",NA
"oedothorax","fuscus","wind",NA
"oedothorax","gibbosus","wind",NA
"oedothorax","retusus","wind",NA
"oligomyrmex","110",NA,NA
"oligomyrmex","117",NA,NA
"oligomyrmex","128",NA,NA
"oligomyrmex","142",NA,NA
"oligomyrmex","20",NA,NA
"oligomyrmex","73",NA,NA
"oligota","inflata","flight",NA
"oligota","parva",NA,NA
"oligota","pusillima","flight",NA
"omalium","caesum","flight",NA
"omalium","excavatum","flight",NA
"omalium","rivulare","flight",NA
"omalus","","flight/wind",NA
"omalus","aeneus","flight/wind",NA
"omalus","puncticollis","flight/wind",NA
"ontholestes","murinus","flight",NA
"oodes","gracilis",NA,NA
"oodes","helopioides","flight",NA
"ophiomyia","simplex",NA,"3"
"ophonus","ardosiacus","flight",NA
"ophonus","azureus","ground",NA
"ophonus","brevicollis","flight",NA
"ophonus","cordatus",NA,NA
"ophonus","cribricollis","flight",NA
"ophonus","diffinis","flight",NA
"ophonus","laticollis","flight",NA
"ophonus","melletii",NA,NA
"ophonus","parallelus",NA,NA
"ophonus","puncticeps","flight",NA
"ophonus","puncticollis",NA,NA
"ophonus","rufibarbis","flight",NA
"ophonus","rupicola",NA,NA
"ophonus","sabulicola",NA,NA
"ophonus","schaubergerianus","flight",NA
"ophonus","stictus",NA,NA
"ophonus","subsinuatus",NA,NA
"oplosia","cinerea",NA,NA
"orius","insidiosus",NA,NA
"orius","majusculus","flight",NA
"orius","minutus","flight",NA
"orius","niger","flight",NA
"ostrinia","nubilalis",NA,"3"
"oulema","duftschmidi",NA,NA
"oulema","gallaeciana",NA,NA
"oulema","melanopus","flight/wind","2"
"oulema","sp.",NA,"2"
"oxybelus","uniglumis","flight",NA
"oxymirus","cursor",NA,NA
"oxyopes","heterophthalmus","ground",NA
"oxyopes","mediterraneus","ground",NA
"oxyopes","nigripalpis","ground",NA
"oxyopes","ramosus",NA,NA
"oxypoda","acuminata","flight",NA
"oxypoda","bicolor","flight",NA
"oxypoda","brachyptera","flight",NA
"oxypoda","brevicornis","flight",NA
"oxypoda","exoleta","flight",NA
"oxypoda","haemorrhoa","flight",NA
"oxypoda","longipes","flight",NA
"oxypoda","opaca",NA,NA
"oxypoda","tarda","flight",NA
"oxypoda","umbrata","flight",NA
"oxypselaphus","obscurus","ground",NA
"ozyptila","claveata","ground",NA
"ozyptila","furcula","ground",NA
"ozyptila","pauxilla","ground",NA
"ozyptila","praticola","ground",NA
"ozyptila","simplex","ground",NA
"ozyptila","trux","ground",NA
"pachycondyla","1",NA,NA
"pachycondyla","162",NA,NA
"pachycondyla","3",NA,NA
"pachycondyla","60",NA,NA
"pachycondyla","97",NA,NA
"pachycondyla","bucki",NA,NA
"pachycondyla","caffraria",NA,NA
"pachycondyla","ferruginea",NA,NA
"pachycondyla","harpax",NA,NA
"pachycondyla","impressa",NA,NA
"pachycondyla","peringueyi",NA,NA
"pachycondyla","pr.harpax",NA,NA
"pachycondyla","pumicosa",NA,NA
"pachycondyla","stigma",NA,NA
"pachycondyla","striata",NA,NA
"pachycondyla","tridentata",NA,NA
"pachycondyla","wroughtonii",NA,NA
"pachygnatha","clercki","wind",NA
"pachygnatha","degeeri","wind",NA
"pachygnatha","listeri","wind",NA
"pachymorphus","sp",NA,NA
"pachymorphus","sp2",NA,NA
"pachyta","lamed",NA,NA
"paederus","brevipennis","flight",NA
"paederus","fuscipes","flight",NA
"paederus","littoralis","flight",NA
"panamomops","sulcifrons","wind",NA
"paratrechina","1",NA,NA
"paratrechina","11",NA,NA
"paratrechina","141",NA,NA
"paratrechina","63",NA,NA
"paratrechina","92",NA,NA
"paratrechina","94",NA,NA
"paratrechina","97",NA,NA
"paratrechina","arenivaga",NA,NA
"paratrechina","longicornis",NA,NA
"paratrechina","phantasma",NA,NA
"paratrechina","sp.1",NA,NA
"paratrechina","sp.2",NA,NA
"paratrechina","sp.3",NA,NA
"paratrechina","sp.4",NA,NA
"paratrechina","umbra",NA,NA
"paratrechina","wojciki",NA,NA
"pardosa","","ground",NA
"pardosa","agrestis","ground",NA
"pardosa","agricola","ground",NA
"pardosa","amentata","ground",NA
"pardosa","fulvipes","ground",NA
"pardosa","hortensis","ground",NA
"pardosa","lugubris","ground",NA
"pardosa","maisa","ground",NA
"pardosa","paludicola","ground",NA
"pardosa","palustris","ground",NA
"pardosa","prativaga","ground",NA
"pardosa","proxima","ground",NA
"pardosa","pullata","ground",NA
"pardosa","saltans","ground",NA
"parophonus","dejeani",NA,NA
"parophonus","maculicornis","flight",NA
"parophonus","mendax","flight",NA
"passaloecus","","flight",NA
"passaloecus","corniger","flight",NA
"passaloecus","eremita","flight",NA
"passaloecus","gracilis","flight",NA
"passaloecus","insignis","flight",NA
"passaloecus","turionum","flight",NA
"patrobus","assimilis",NA,NA
"patrobus","atrorufus","ground",NA
"patrobus","septentrionis",NA,NA
"pedostrangalia","pubescens",NA,NA
"pedostrangalia","revestita",NA,NA
"pelecopsis","bucephala","wind",NA
"pelecopsis","elongata","wind",NA
"pelecopsis","inedita","wind",NA
"pelecopsis","mengei","wind",NA
"pelecopsis","parallela","wind",NA
"pelecopsis","radicicola","wind",NA
"pemphredon","","flight",NA
"pemphredon","baltica","flight",NA
"pemphredon","inornata","flight",NA
"pemphredon","lethifer","flight",NA
"pemphredon","lugubris","flight",NA
"pemphredon","rugifera","flight",NA
"pentatoma","rufipes","flight",NA
"phalangium","opilio","ground",NA
"pheidole","1",NA,NA
"pheidole","10",NA,NA
"pheidole","102",NA,NA
"pheidole","104",NA,NA
"pheidole","105",NA,NA
"pheidole","108",NA,NA
"pheidole","109",NA,NA
"pheidole","11",NA,NA
"pheidole","111",NA,NA
"pheidole","115",NA,NA
"pheidole","128",NA,NA
"pheidole","130",NA,NA
"pheidole","137",NA,NA
"pheidole","14",NA,NA
"pheidole","149",NA,NA
"pheidole","152",NA,NA
"pheidole","153",NA,NA
"pheidole","157",NA,NA
"pheidole","167",NA,NA
"pheidole","170",NA,NA
"pheidole","174",NA,NA
"pheidole","175",NA,NA
"pheidole","185",NA,NA
"pheidole","194",NA,NA
"pheidole","197",NA,NA
"pheidole","199",NA,NA
"pheidole","206",NA,NA
"pheidole","26",NA,NA
"pheidole","28",NA,NA
"pheidole","29",NA,NA
"pheidole","32",NA,NA
"pheidole","36",NA,NA
"pheidole","38",NA,NA
"pheidole","4",NA,NA
"pheidole","55",NA,NA
"pheidole","56",NA,NA
"pheidole","59",NA,NA
"pheidole","60",NA,NA
"pheidole","62",NA,NA
"pheidole","63",NA,NA
"pheidole","65",NA,NA
"pheidole","83",NA,NA
"pheidole","88",NA,NA
"pheidole","99",NA,NA
"pheidole","A",NA,NA
"pheidole","B gp. sp. SS 1",NA,NA
"pheidole","B gp. sp. SS 2",NA,NA
"pheidole","B gp. sp. SS 3",NA,NA
"pheidole","B gp. sp. SS 4",NA,NA
"pheidole","adrianoi",NA,NA
"pheidole","angulifera",NA,NA
"pheidole","californica",NA,NA
"pheidole","cocciphaga",NA,NA
"pheidole","dasypyx",NA,NA
"pheidole","dentata",NA,NA
"pheidole","floridana",NA,NA
"pheidole","fracticeps",NA,NA
"pheidole","gertrudae",NA,NA
"pheidole","glomericeps",NA,NA
"pheidole","harrisonfordi",NA,NA
"pheidole","hospes",NA,NA
"pheidole","jelskii",NA,NA
"pheidole","lash9",NA,NA
"pheidole","mendicula",NA,NA
"pheidole","metallescens",NA,NA
"pheidole","moerens",NA,NA
"pheidole","morrisii",NA,NA
"pheidole","multispina",NA,NA
"pheidole","nodus",NA,NA
"pheidole","oxyops",NA,NA
"pheidole","pallidula",NA,NA
"pheidole","pieli",NA,NA
"pheidole","pyriformis gp. sp. SS 1",NA,NA
"pheidole","rugiceps",NA,NA
"pheidole","schwarzmaieri",NA,NA
"pheidole","sensitiva",NA,NA
"pheidole","sexspinosa biroi",NA,NA
"pheidole","sp. 1",NA,NA
"pheidole","sp. 13 aff. tricolor",NA,NA
"pheidole","sp. 14 aff. gambogia",NA,NA
"pheidole","sp. 18",NA,NA
"pheidole","sp. 2",NA,NA
"pheidole","sp. 24 aff. amber",NA,NA
"pheidole","sp. 25 aff. sexspinosa",NA,NA
"pheidole","sp. 26",NA,NA
"pheidole","sp. 3",NA,NA
"pheidole","sp. 30 aff. sexspinosa",NA,NA
"pheidole","sp. 4",NA,NA
"pheidole","sp. 5",NA,NA
"pheidole","sp. 6",NA,NA
"pheidole","sp. 7 aff. gambogia",NA,NA
"pheidole","sp.01",NA,NA
"pheidole","sp.03",NA,NA
"pheidole","sp.07",NA,NA
"pheidole","sp.08",NA,NA
"pheidole","sp.09",NA,NA
"pheidole","sp.1",NA,NA
"pheidole","sp.10",NA,NA
"pheidole","sp.11",NA,NA
"pheidole","sp.12",NA,NA
"pheidole","sp.13",NA,NA
"pheidole","sp.14",NA,NA
"pheidole","sp.15",NA,NA
"pheidole","sp.16",NA,NA
"pheidole","sp.17",NA,NA
"pheidole","sp.18",NA,NA
"pheidole","sp.19",NA,NA
"pheidole","sp.2",NA,NA
"pheidole","sp.3",NA,NA
"pheidole","sp.37",NA,NA
"pheidole","sp.4",NA,NA
"pheidole","sp.40",NA,NA
"pheidole","sp.5",NA,NA
"pheidole","sp.6",NA,NA
"pheidole","sp.7",NA,NA
"pheidole","sp.7.1",NA,NA
"pheidole","sp.7.2",NA,NA
"pheidole","sp.8",NA,NA
"pheidole","sp.9",NA,NA
"pheidole","sp._13_ampla_gp.",NA,NA
"pheidole","sp._14_ampla_gp.",NA,NA
"pheidole","sp._1_mjobergi_gp.",NA,NA
"pheidole","sp._2_longiceps_gp.",NA,NA
"pheidole","sp._3_variabilis_gp.",NA,NA
"pheidole","sp._8_Group_F",NA,NA
"pheidole","sp.prox. Tetrica",NA,NA
"pheidole","striaticeps",NA,NA
"pheidole","thrasys",NA,NA
"pheidole","triconstricta",NA,NA
"pheidole","tumida",NA,NA
"pheidole","ulothrix",NA,NA
"pheidole","un01",NA,NA
"pheidole","vafra",NA,NA
"pheidole","variabilis gp. sp. SS 1",NA,NA
"pheidole","variabilis gp. sp. SS 2",NA,NA
"pheidole","zeteki",NA,NA
"philodromus","albidus","ground",NA
"philodromus","aureolus",NA,NA
"philodromus","cespitum","ground",NA
"philodromus","collinus",NA,NA
"philodromus","praedatus",NA,NA
"philodromus","rufus","ground",NA
"philonthus","albipes",NA,NA
"philonthus","carbonarius","flight",NA
"philonthus","cognatus","flight",NA
"philonthus","concinnus","flight",NA
"philonthus","corruscus","flight",NA
"philonthus","debilis","flight",NA
"philonthus","laminatus","flight",NA
"philonthus","pseudovarians",NA,NA
"philonthus","sanguinolentus",NA,NA
"philonthus","varians","flight",NA
"philorhizus","melanocephalus",NA,NA
"philorhizus","notatus",NA,NA
"philorhizus","quadrisignatus",NA,NA
"philorhizus","sigma",NA,NA
"phrurolithus","festivus","ground",NA
"phrurolithus","minimus","ground",NA
"phymatodes","alni",NA,NA
"phymatodes","pusillus",NA,NA
"phymatodes","testaceus",NA,NA
"phytocoris","intricatus","flight",NA
"phytocoris","pini","flight",NA
"phytocoris","tiliae","flight",NA
"phytocoris","ulmi","flight",NA
"phytocoris","varipes",NA,NA
"phytoecia","cylindrica",NA,NA
"phytoecia","nigricornis",NA,NA
"pieris","brassicae","flight",NA
"pieris","napi","flight",NA
"pieris","rapae","flight",NA
"piezodorus","lituratus","flight",NA
"pirata","piraticus","ground",NA
"pisaura","mirabilis","ground",NA
"plagiognathus","arbustorum","flight",NA
"plagiognathus","chrysanthemi","flight",NA
"plagiognathus","fulvipennis","flight",NA
"plagionotus","arcuatus",NA,NA
"plagionotus","detritus",NA,NA
"plataraea","brunnea","flight",NA
"platynus","assimilis","flight",NA
"platynus","krynickii",NA,NA
"platynus","livens","flight",NA
"platynus","longiventris",NA,NA
"platynus","scrobiculatus",NA,NA
"platystethus","arenarius",NA,NA
"platystethus","cornutus","flight",NA
"platythyrea","147",NA,NA
"plutella","xylostella",NA,NA
"pocadicnemis","juncea","wind",NA
"pocadicnemis","pumila","wind",NA
"poecilus","cupreus","flight",NA
"poecilus","kugelanni","flight",NA
"poecilus","lepidus","ground",NA
"poecilus","punctulatus","flight",NA
"poecilus","sericeus","flight",NA
"poecilus","versicolor","flight",NA
"poecilus","zaballosi",NA,NA
"pogonocherus","caroli",NA,NA
"pogonocherus","decoratus",NA,NA
"pogonocherus","fasciculatus",NA,NA
"pogonocherus","hispidulus",NA,NA
"pogonocherus","hispidus",NA,NA
"polistichus","connexus",NA,NA
"pompilidae","","flight",NA
"porrhomma","","wind",NA
"porrhomma","convexum","wind",NA
"porrhomma","errans","wind",NA
"porrhomma","microphthalmum","wind",NA
"porrhomma","oblitum","wind",NA
"porrhomma","pygmaeum","wind",NA
"prays","oleae",NA,"3"
"prionus","coriarius",NA,NA
"proceratium","150",NA,NA
"proceratium","brasiliense",NA,NA
"propylea","quatuordecimpunctata","flight",NA
"psenulus","","flight",NA
"psenulus","concolor","flight",NA
"psenulus","fuscipennis","flight",NA
"psenulus","pallipes","flight",NA
"pseudomyrmex","curacaensis",NA,NA
"pseudomyrmex","gracilis",NA,NA
"pseudomyrmex","pallidus",NA,NA
"pseudomyrmex","simplex",NA,NA
"pseudomyrmex","tenuis",NA,NA
"pseudomyrmex","termitarius",NA,NA
"pseudomyrmex","urbanus",NA,NA
"psyllobora","bicongregata",NA,NA
"pterostichus","aethiops",NA,NA
"pterostichus","anthracinus","ground",NA
"pterostichus","aterrimus","flight",NA
"pterostichus","burmeisteri","ground",NA
"pterostichus","cristatus",NA,NA
"pterostichus","cursor",NA,NA
"pterostichus","diligens",NA,NA
"pterostichus","fasciatopunctatus",NA,NA
"pterostichus","gracilis",NA,NA
"pterostichus","hagenbachii",NA,NA
"pterostichus","jurinei",NA,NA
"pterostichus","kokeilii",NA,NA
"pterostichus","macer","flight",NA
"pterostichus","madidus","ground",NA
"pterostichus","melanarius","ground",NA
"pterostichus","melas",NA,NA
"pterostichus","minor",NA,NA
"pterostichus","multipunctatus",NA,NA
"pterostichus","negligens",NA,NA
"pterostichus","niger","ground",NA
"pterostichus","nigrita","ground",NA
"pterostichus","oblongopunctatus","ground",NA
"pterostichus","ovoideus","ground",NA
"pterostichus","panzeri",NA,NA
"pterostichus","pumilio",NA,NA
"pterostichus","quadrifoveolatus",NA,NA
"pterostichus","selmanni",NA,NA
"pterostichus","strenuus","ground",NA
"pterostichus","subsinuatus",NA,NA
"pterostichus","taksonyis",NA,NA
"pterostichus","transversalis",NA,NA
"pterostichus","unctulatus",NA,NA
"pterostichus","vernalis","ground",NA
"pyramica","18",NA,NA
"pyramica","74",NA,NA
"pyramica","appretiata",NA,NA
"pyramica","comis",NA,NA
"pyramica","crassicornis",NA,NA
"pyramica","denticulata",NA,NA
"pyramica","eggersi",NA,NA
"pyramica","lygathrix",NA,NA
"pyramica","mitis",NA,NA
"pyramica","rugithorax",NA,NA
"pyramica","sp.1",NA,NA
"pyramica","sp.2",NA,NA
"pyramica","sp.3",NA,NA
"pyramica","splendens",NA,NA
"pyramica","themis",NA,NA
"pyramica","un01",NA,NA
"pyrrhidium","sanguineum",NA,NA
"quedius","cinctus",NA,NA
"quedius","nitipennis",NA,NA
"quedius","ochripennis","flight",NA
"quedius","paradisianus","flight",NA
"quedius","vexans",NA,NA
"rhagium","inquisitor",NA,NA
"rhagium","mordax",NA,NA
"rhagium","sycophanta",NA,NA
"rhagoletis","cerasi","flight",NA
"rhagonycha","fulva","ground",NA
"rhagonycha","limbata",NA,NA
"rhagonycha","lutea","ground",NA
"rhagonycha","testacea",NA,NA
"rhopalosiphum","padi","flight/wind","1"
"rhyzobius","litura","flight",NA
"rhyzobius","lophanthae",NA,NA
"robertus","arundineti","wind",NA
"robertus","kuehnae","wind",NA
"robertus","lividus","wind",NA
"robertus","neglectus","wind",NA
"rogeria","antcnp_sp2",NA,NA
"rogeria","antcnp_sp3",NA,NA
"rogeria","creightoni",NA,NA
"rogeria","foreli",NA,NA
"rogeria","inermis",NA,NA
"rogeria","sp.01",NA,NA
"rogeria","sp.02",NA,NA
"rogeria","sp.1",NA,NA
"rogeria","sp.2",NA,NA
"rogeria","stigmatica",NA,NA
"ropalopus","femoratus",NA,NA
"ropalopus","macropus",NA,NA
"rosalia","alpina",NA,NA
"rutpela","maculata",NA,NA
"saldula","opacula",NA,NA
"saldula","orthochila",NA,NA
"saldula","pallipes",NA,NA
"saldula","saltatoria","flight",NA
"saperda","carcharias",NA,NA
"saperda","perforata",NA,NA
"saperda","populnea",NA,NA
"saperda","scalaris",NA,NA
"saperda","similis",NA,NA
"sapyga","","flight/wind",NA
"sapyga","clavicornis","flight/wind",NA
"sapyga","quinquepunctata","flight/wind",NA
"scopaeus","laevigatus",NA,NA
"scymnus","auritus",NA,NA
"scymnus","citreus",NA,NA
"scymnus","femoralis",NA,NA
"scymnus","ferrugatus",NA,NA
"scymnus","frontalis","flight",NA
"scymnus","haemorrhoidalis","flight",NA
"scymnus","loewii",NA,NA
"scymnus","mimulus","flight",NA
"scymnus","pictilis",NA,NA
"scymnus","rubicundus",NA,NA
"scymnus","sp",NA,NA
"scymnus","sp1",NA,NA
"scymnus","suturalis","flight",NA
"semanotus","undatus",NA,NA
"sericomyrmex","amabilis",NA,NA
"sericomyrmex","scrobifer",NA,NA
"silometopus","elegans","wind",NA
"silometopus","reussi","wind",NA
"sintula","corniger","wind",NA
"sitobion","avenae","flight/wind","1"
"solenopsis","1",NA,NA
"solenopsis","19",NA,NA
"solenopsis","2",NA,NA
"solenopsis","JTsp1",NA,NA
"solenopsis","abdita/carolinensis",NA,NA
"solenopsis","antcnp_sp1",NA,NA
"solenopsis","antcnp_sp3",NA,NA
"solenopsis","globularia littoralis",NA,NA
"solenopsis","invicta",NA,NA
"solenopsis","lash4",NA,NA
"solenopsis","lash6",NA,NA
"solenopsis","molesta",NA,NA
"solenopsis","nickersoni",NA,NA
"solenopsis","papuana",NA,NA
"solenopsis","picea",NA,NA
"solenopsis","sp. 07",NA,NA
"solenopsis","sp. SS 1",NA,NA
"solenopsis","sp.01",NA,NA
"solenopsis","sp.04",NA,NA
"solenopsis","sp.06",NA,NA
"solenopsis","sp.1",NA,NA
"solenopsis","sp.10",NA,NA
"solenopsis","sp.11",NA,NA
"solenopsis","sp.12",NA,NA
"solenopsis","sp.14",NA,NA
"solenopsis","sp.2",NA,NA
"solenopsis","sp.3",NA,NA
"solenopsis","sp.4",NA,NA
"solenopsis","sp.5",NA,NA
"solenopsis","sp.6",NA,NA
"solenopsis","sp.7",NA,NA
"solenopsis","sp.8",NA,NA
"solenopsis","sp.9",NA,NA
"solenopsis","sp._1",NA,NA
"solenopsis","sp._2",NA,NA
"solenopsis","sp._9",NA,NA
"solenopsis","sp1",NA,NA
"solenopsis","substituta",NA,NA
"solenopsis","subterranea",NA,NA
"solenopsis","tennesseensis",NA,NA
"solenopsis","terricola",NA,NA
"solenopsis","tridens",NA,NA
"solenopsis","yellow",NA,NA
"sphaerophoria","","flight",NA
"sphaerophoria","batava","flight",NA
"sphaerophoria","interrupta","flight",NA
"sphaerophoria","rueppellii","flight",NA
"sphaerophoria","scripta","flight",NA
"sphaerophoria","taeniata","flight",NA
"sphaerophoria","virgata","flight",NA
"sphecidae","","flight",NA
"spondylis","buprestoides",NA,NA
"staphylinidae","","flight",NA
"steatoda","albomaculata","wind",NA
"stemonyphantes","lineatus","wind",NA
"stenocorus","meridianus",NA,NA
"stenolophus","mixtus","flight",NA
"stenolophus","skrimshiranus","flight",NA
"stenolophus","teutonus","flight",NA
"stenostola","dubia",NA,NA
"stenotus","binotatus","flight",NA
"stenotus","rubrovittatus",NA,"2"
"stenurella","melanura",NA,NA
"stenurella","nigra",NA,NA
"stenus","brunnipes",NA,NA
"stenus","canaliculatus",NA,NA
"stenus","cicindeloides",NA,NA
"stenus","circularis",NA,NA
"stenus","clavicornis","flight",NA
"stenus","flavipes",NA,NA
"stenus","fulvicornis",NA,NA
"stenus","geniculatus",NA,NA
"stenus","impressus",NA,NA
"stenus","pallipes",NA,NA
"stenus","pusillus",NA,NA
"stenus","similis","flight",NA
"stethorus","sp8",NA,NA
"stictoleptura","maculicornis",NA,NA
"stictoleptura","rubra",NA,NA
"stictoleptura","scutellata",NA,NA
"stigmus","pendulus","flight",NA
"stigmus","solskyi","flight",NA
"stomis","pumicatus","ground",NA
"strangalia","attenuata",NA,NA
"strumigenys","1",NA,NA
"strumigenys","151",NA,NA
"strumigenys","35",NA,NA
"strumigenys","7",NA,NA
"strumigenys","79",NA,NA
"strumigenys","brevicornis",NA,NA
"strumigenys","cf. racabura",NA,NA
"strumigenys","cordovensis",NA,NA
"strumigenys","eggersi",NA,NA
"strumigenys","elongata",NA,NA
"strumigenys","emmae",NA,NA
"strumigenys","godeffroyi",NA,NA
"strumigenys","horvathi",NA,NA
"strumigenys","inusitata",NA,NA
"strumigenys","lanuginosa",NA,NA
"strumigenys","louisianae",NA,NA
"strumigenys","marginiventris",NA,NA
"strumigenys","mek1",NA,NA
"strumigenys","mek2",NA,NA
"strumigenys","saliens",NA,NA
"strumigenys","schmalzi",NA,NA
"strumigenys","sp. 09",NA,NA
"strumigenys","sp. 2 cf. szalayi",NA,NA
"strumigenys","sp.09",NA,NA
"strumigenys","sp.1",NA,NA
"strumigenys","sp.2",NA,NA
"strumigenys","sp.3",NA,NA
"strumigenys","sp.4",NA,NA
"strumigenys","sp.5",NA,NA
"strumigenys","sp.6",NA,NA
"strumigenys","subedentata",NA,NA
"strumigenys","treptodens",NA,NA
"strumigenys","xenochelyna",NA,NA
"strumigenys","zeteki",NA,NA
"symmorphus","","flight",NA
"symmorphus","bifasciatus","flight",NA
"symmorphus","crassicornis","flight",NA
"symmorphus","debilitatus","flight",NA
"symmorphus","fuscipes","flight",NA
"symmorphus","gracilis","flight",NA
"syntomus","foveatus","ground",NA
"syntomus","obscuroguttatus","flight",NA
"syntomus","pallipes","ground",NA
"syntomus","truncatellus","ground",NA
"synuchus","vivalis","ground",NA
"syrphidae","","flight",NA
"syrphus","","flight",NA
"syrphus","ribesii","flight",NA
"syrphus","torvus","flight",NA
"syrphus","vitripennis","flight",NA
"tachinidae","","flight",NA
"tachinus","fimetarius","flight",NA
"tachinus","laticollis",NA,NA
"tachinus","marginellus","flight",NA
"tachinus","signatus","flight",NA
"tachyporus","abdominalis",NA,NA
"tachyporus","atriceps",NA,NA
"tachyporus","chrysomelinus","flight",NA
"tachyporus","dispar",NA,NA
"tachyporus","hypnorum","flight",NA
"tachyporus","nitidulus","flight",NA
"tachyporus","obtusus","flight",NA
"tachyporus","pusillus",NA,NA
"tachyporus","scitulus","flight",NA
"tachyporus","solutus","flight",NA
"tallusia","experta","wind",NA
"tapinocyba","insecta","wind",NA
"tapinocyba","praecox","wind",NA
"tapinoma","189",NA,NA
"tapinoma","62",NA,NA
"tapinoma","B",NA,NA
"tapinoma","cf. indicum",NA,NA
"tapinoma","erraticum",NA,NA
"tapinoma","madeirense",NA,NA
"tapinoma","melanocephalum",NA,NA
"tapinoma","sessile",NA,NA
"tapinoma","sp. 3 aff. williamsi",NA,NA
"tapinoma","sp.4minutumgroup",NA,NA
"tapinoma","sp._1_minutum_gp",NA,NA
"tapinoma","sp._2_minutum_gp",NA,NA
"technomyrmex","121",NA,NA
"technomyrmex","163",NA,NA
"technomyrmex","2",NA,NA
"technomyrmex","20",NA,NA
"technomyrmex","202",NA,NA
"technomyrmex","54",NA,NA
"technomyrmex","61",NA,NA
"technomyrmex","albicoxis",NA,NA
"technomyrmex","albipes",NA,NA
"technomyrmex","antennus",NA,NA
"technomyrmex","brunneus",NA,NA
"technomyrmex","difficilis",NA,NA
"technomyrmex","gilvus",NA,NA
"technomyrmex","jocosus",NA,NA
"technomyrmex","obscurior",NA,NA
"technomyrmex","un01",NA,NA
"tecia","solanivora",NA,"2"
"tegenaria","silvestris","ground",NA
"temnostethus","gracilis",NA,NA
"temnostethus","pusillus","flight",NA
"tenuiphantes","flavipes","wind",NA
"tenuiphantes","mengei","wind",NA
"tenuiphantes","tenebricola",NA,NA
"tenuiphantes","tenuis","wind",NA
"tenuiphantes","zimmermanni","wind",NA
"tetragnatha","extensa","wind",NA
"tetragnatha","montana",NA,NA
"tetragnatha","obtusa",NA,NA
"tetragnatha","pinicola",NA,NA
"tetragnatha","reimoseri",NA,NA
"tetragnatha","striata","wind",NA
"tetropium","castaneum",NA,NA
"tetropium","fuscum",NA,NA
"tetrops","praeustus",NA,NA
"tetrops","starkii",NA,NA
"thaumatotibia","leucotreta",NA,"2"
"theridiidae","","wind",NA
"theridion","","wind",NA
"theridion","boesenbergi",NA,NA
"theridion","melanurum","wind",NA
"theridion","pictum",NA,NA
"theridion","pinastri",NA,NA
"theridion","varians","wind",NA
"therioaphis","trifolii","flight/wind","1"
"thyreosthenius","biovatus","wind",NA
"tinotus","morion","flight",NA
"tiphia","femorata","flight",NA
"tiso","vagans","wind",NA
"trachymyrmex","bugnioni",NA,NA
"trachymyrmex","cornetzi",NA,NA
"trachymyrmex","iisthmica",NA,NA
"trachymyrmex","isthmica",NA,NA
"trachymyrmex","mek1",NA,NA
"trachymyrmex","septentrionalis",NA,NA
"trachymyrmex","sp. 05",NA,NA
"trachymyrmex","sp. 15",NA,NA
"trachymyrmex","sp.09",NA,NA
"trachymyrmex","sp.11",NA,NA
"trachymyrmex","sp.4",NA,NA
"trachymyrmex","zeteki",NA,NA
"tragosoma","depsarium",NA,NA
"trechoblemus","micros","flight",NA
"trechus","amplicollis",NA,NA
"trechus","austriacus",NA,NA
"trechus","fulvus",NA,NA
"trechus","glacialis",NA,NA
"trechus","hampei",NA,NA
"trechus","latibuli",NA,NA
"trechus","montanellus",NA,NA
"trechus","obtusus",NA,NA
"trechus","pilisensis",NA,NA
"trechus","pinkeri",NA,NA
"trechus","pseudopiceus",NA,NA
"trechus","pulchellus",NA,NA
"trechus","pulpani",NA,NA
"trechus","quadristriatus","ground",NA
"trechus","rivularis",NA,NA
"trechus","rotundipennis",NA,NA
"trechus","rubens","flight",NA
"trechus","secalis","ground",NA
"trechus","splendens",NA,NA
"trialeurodes","vaporariorum",NA,NA
"trichrysis","cyanea","flight/wind",NA
"trigonotylus","caelestialium","flight","2"
"trigonotylus","ruficornis",NA,NA
"trochosa","robusta","ground",NA
"trochosa","ruricola","ground",NA
"trochosa","sp1",NA,NA
"trochosa","spinipalpis","ground",NA
"trochosa","terricola","ground",NA
"troxochrus","scabriculus","wind",NA
"trypoxylon","","flight",NA
"trypoxylon","clavicerum","flight",NA
"trypoxylon","figulus","flight",NA
"trypoxylon","medium","flight",NA
"trypoxylon","minus","flight",NA
"vespula","germanica","flight",NA
"vespula","rufa","flight",NA
"vespula","vulgaris","flight",NA
"walckenaeria","acuminata","wind",NA
"walckenaeria","antica","wind",NA
"walckenaeria","atrotibialis","wind",NA
"walckenaeria","capito",NA,NA
"walckenaeria","corniculans","wind",NA
"walckenaeria","cuspidata",NA,NA
"walckenaeria","dysderoides","wind",NA
"walckenaeria","monoceros","wind",NA
"walckenaeria","nudipalpis","wind",NA
"walckenaeria","obtusa","wind",NA
"walckenaeria","unicornis","wind",NA
"walckenaeria","vigilax","wind",NA
"wasmannia","auropunctata",NA,NA
"wasmannia","lutzi",NA,NA
"xantholinus","audrasi","flight",NA
"xantholinus","linearis","flight",NA
"xantholinus","longiventris","flight",NA
"xantholinus","semirufus","flight",NA
"xantholinus","tricolor","flight",NA
"xerolycosa","miniata","ground",NA
"xerolycosa","nemoralis","ground",NA
"xylotrechus","antilope",NA,NA
"xylotrechus","pantherinus",NA,NA
"xylotrechus","rusticus",NA,NA
"xysticus","audax","ground",NA
"xysticus","bifasciatus",NA,NA
"xysticus","caperatus","ground",NA
"xysticus","cristatus","ground",NA
"xysticus","erraticus","ground",NA
"xysticus","kochi","ground",NA
"xysticus","lanio","ground",NA
"xysticus","ninnii","ground",NA
"xysticus","nubilus","ground",NA
"xysticus","striatipes",NA,NA
"xysticus","ulmi","ground",NA
"zabrus","spinipes","ground",NA
"zabrus","tenebrioides","flight",NA
"zelotes","","ground",NA
"zelotes","apricorum","ground",NA
"zelotes","atrocaeruleus","ground",NA
"zelotes","callidus","ground",NA
"zelotes","electus","ground",NA
"zelotes","fulvopilosus","ground",NA
"zelotes","latreillei","ground",NA
"zelotes","manius","ground",NA
"zelotes","pediculatus","ground",NA
"zelotes","segrex","ground",NA
"zelotes","subterraneus","ground",NA
"zelotes","tenuis","ground",NA
"zelotes","thorelli","ground",NA
"zora","armillata","ground",NA
"zora","nemoralis","ground",NA
"zora","spinimana","ground",NA
